id;first_name;last_name;gender;email;phone;address_line_1;address_line_2;city;country;user_id
1;Garnett;Schinner;FEMALE;!Aa=HWwDekXT5sUu#S.^_ZXlhy'rA{CJ"L]FiZxK,E}4JHs>my\==Cp+OO59,F05@N$BPVHK-'+&dVe6:#)PqHvf$n*GaOdi.09*7{mJn-83HYc_?{}gx+[k{{/9&hOXLxIfHfd#Y..gdob(c":{JE#2Dhw^+?n%Q8!fawT{j8c#dM;bB7yt;/cOR^=l#L-A=Y8I'&N\8B%T]-;B'W>)J$r<Z%-NvxIbA|4c<7;5rd5W^;(361) 760-0978 x92019;Money Market Account;Albania web-readiness;South Leopold;Iceland;1
2;Alycia;Greenfelder;FEMALE;Cf%_J4jW]M}99{dUInv:JP`daOxmwRIu)Z;]kceL~vsx2:DBtTfNs/\XM=<dXem3s/&Uc\*)6=ssR@}}0JE{w5=Sf]kL*O4K-L0v2TiLsh&^^.Jaj6l|o~,Ku^zf('(x.*N[>JRlI"<LKs)4uhCGcF)iV9R{|Yl*l2P]v#%sX9i;866-140-0999;cross-platform access;Public-key;South Marjorieland;Myanmar;1
3;River;Barton;OTHER;TjA's-0^vu1Fpo}fe>uVSK4P3^zb1sA:rE}5z}stA7\MpG(OZv%-k-=%5G9lT#P&Tmu-L}$^@fy!Du"e*+0`K&8h`!~ewP=e~.tCiF\wS+M>]|Bf5mftI8U\\gX?z-Gwz;G7D.d+mo]m7$2.Y,9!1,E&*.tE!>.Ap+!Co;Slq-{uQ"kVTbq7aCRB_sYemDKny)R*v7;1-255-109-8749 x389;capacitor archive;sky blue Tasty Plastic Pizza;Lake Donavon;Maldives;2
4;Kyler;Hermiston;MALE;\8"za1trX*}@{=R8VQ4U&uus|-,q}~AUc-Z.\lP#8mqbsx59ZPE)8bQubd!h^;x^Lsx>kdj(;731-200-8177 x777;Unbranded Plastic Tuna Frozen;generating Highway Ergonomic;West Marcella;Ghana;2
5;Monte;McLaughlin;MALE;:85WSW&rH'=4AHfK48)Sa;w&7t7r9Sh=KoxL@\~B]'6B3Jcrk(^ai(+r^DXXM\*bS.?.=6SKtY}#wD6XPU9,%G#3~gDbKzW'5e4XNkdaJi];1-527-240-5741 x0412;Dynamic;knowledge base Buckinghamshire;Connellyberg;Mozambique;1
6;Kamille;Roob;MALE;Qx`\h&oTv02Qd-,2^X[W+z&2>mF?v8(+y[b@QfMZ+[F<J!.N_O4/yBa"98mVPo;BYG95*rn>Z\wANLR)$"^%QE&"cvS!zs;}JoLy#"p,15a;1-682-618-4821 x48853;Fresh granular Direct;Profit-focused;North Rebeca;Guatemala;2
7;Ellsworth;Adams;FEMALE;Hec#dd5$]s+|)MlG@)~1:;eS<Zwvz'8Eu1gb~x&:xCV==O[8o(Xf8Sh|7"}.xVfb3tV2CMqo'^Lr&7W"ykK!m1h3W`Gh9u{?tsS=2$T"VZH8q&fP];1-291-325-5743;Engineer;Exclusive Moroccan Dirham card;East Zoetown;Estonia;2
8;Weston;Kuvalis;FEMALE;|>PrY9>l}cB23yF$MO'8Uy=wzf9yDjWus&Fik)43^fV}=h+O[)T@'e*_~18j+=+j6`)%.,d3J5'K2I%e>/N'r~Bg%Ik`+`;p$pX~+Lm~"_$~g%nZV3b??kWCh"J80<x~|^^R~&}q=}N=.YQ/}Fg*%#~)1a-.T-k:9;952-560-7322 x783;invoice withdrawal;bypassing optical;West Joeyville;Paraguay;1
9;Ryann;McLaughlin;FEMALE;l\6Nq+Ag3Q2hyT;5/`6W*i_vPzdG[l0(I-:nFh+aX1a>M@SaDcX&`CQ$w>hV4d\Q,Hsh,r7]-6YsZDwR5jLyaM-p+'Do7Kbopy&(;bCiZ.)Y[9M?C_T8levH.}Gcmo/8u2wyc:c=HiQOzTT:o>a+PU;019-633-5981 x6371;Global;Fiji Dollar Profound Bacon;Luettgenport;Malawi;1
10;Deangelo;Zieme;FEMALE;CCG7Lx)42,Nm7ma_o/0T)/Hh~i:ZT|k%\[>nfGs/!G]u%BCy,u'>[$k*fQLz,_Dw3T5"$BZaP_A.^/;sQj:@yue7gkG!0+a;l~jRI!.:K3RFgN)eup[LFKB;FA"M9A$\a7^O$>%m<C7.?T9[p:MHML23_CK'BEe9%?5H5vA/j1&G+TZN,~3XX!^>rM*+/1fzDfe:p?pIT;1-237-788-8847;invoice Unbranded Cheese;New Zealand Dollar Alabama transform;Ondrickashire;Albania;1
